{
  "project_info": {
    "project_number": "831630875556",
    "project_id": "binarmocktest-crudapp",
    "storage_bucket": "binarmocktest-crudapp.appspot.com"
  },
  "client": [
    {
      "client_info": {
        "mobilesdk_app_id": "1:831630875556:android:0406e6a0e2c6a28c4e3f31",
        "android_client_info": {
          "package_name": "com.example.binarmocktest_crudapp"
        }
      },
      "oauth_client": [],
      "api_key": [
        {
          "current_key": "AIzaSyCi0YjwFpP-JfyDlkRffC-hSb5JWjitJis"
        }
      ],
      "services": {
        "appinvite_service": {
          "other_platform_oauth_client": []
        }
      }
    }
  ],
  "configuration_version": "1"
}